,value,benchmark
4/26/2023,10001.19048,10000
4/27/2023,10392.27002,10198.88418
4/28/2023,10372.72265,10286.18659
5/1/2023,10373.9575,10275.59665
5/2/2023,9997.594546,10160.14051
5/3/2023,9570.631274,10090.4019
5/4/2023,10274.84342,10018.85525
5/5/2023,10255.51693,10204.56659
5/8/2023,10256.73783,10207.1495
5/9/2023,10491.80937,10162.46513
5/10/2023,10472.07477,10209.9907
5/11/2023,10473.32145,10192.16861
5/12/2023,10748.47918,10178.73747
5/15/2023,10728.26181,10213.86507
5/16/2023,10729.53898,10145.67621
5/17/2023,10730.81631,10268.62279
5/18/2023,10732.09378,10367.5483
5/19/2023,10705.23929,10352.56741
5/22/2023,10685.10325,10356.70007
5/23/2023,10686.37528,10240.46906
5/24/2023,10892.49323,10166.3395
5/25/2023,11340.90749,10254.41678
5/26/2023,11607.68559,10387.17843
5/30/2023,11585.85209,10391.05279
5/31/2023,12237.25692,10333.45387
6/1/2023,12214.23923,10431.6045
6/2/2023,12215.6933,10582.44653
6/5/2023,12217.14755,10562.29982
6/6/2023,12218.60197,10585.28774
6/7/2023,12220.05657,10548.61039
6/8/2023,12221.51134,10612.40831
6/9/2023,12222.96628,10631.52185
6/12/2023,12208.41348,10727.86445
6/13/2023,12573.72791,10798.63622
6/14/2023,12550.07733,10811.55078
6/15/2023,12990.16941,10945.60388
6/16/2023,12965.73552,10908.40996
6/20/2023,12967.27906,10851.8442
6/21/2023,12968.82278,10796.05331
6/22/2023,12970.36669,10835.05527
6/23/2023,12971.91078,10753.17698
6/26/2023,12973.45505,10709.26749
6/27/2023,12974.99951,10826.78996
6/28/2023,12976.54416,10832.21407
6/29/2023,12978.08898,10874.83211
6/30/2023,13007.61448,11003.20281
7/3/2023,12983.14778,11015.85908
7/5/2023,12984.69339,10999.32844
7/6/2023,12986.23919,10913.31749
7/7/2023,12987.78517,10885.68034
7/10/2023,12989.33133,10913.31749
7/11/2023,13710.08464,10982.79781
7/12/2023,13684.29663,11071.13338
7/13/2023,13685.92571,11158.95237
7/14/2023,13687.55499,11151.97851
7/17/2023,13689.18446,11190.72218
7/18/2023,13963.94429,11273.89193
7/19/2023,13937.67877,11298.94617
7/20/2023,13939.33802,11224.04174
7/21/2023,13940.99746,11224.04174
7/24/2023,13895.19645,11274.15022
7/25/2023,14229.37616,11304.88687
7/26/2023,14202.61138,11306.69491
7/27/2023,14696.79193,11231.79047
7/28/2023,14669.14796,11341.8225
7/31/2023,14833.93161,11363.26067
8/1/2023,16228.85073,11330.71598
8/2/2023,16198.32503,11173.15838
8/3/2023,15633.47796,11141.13028
8/4/2023,16377.36702,11090.76351
8/7/2023,16346.56197,11187.62269
8/8/2023,16348.50799,11139.06395
8/9/2023,16268.21707,11064.41781
8/10/2023,16873.82223,11068.55047
8/11/2023,16842.08337,11062.09319
8/14/2023,16844.08838,11123.0499
8/15/2023,16846.09363,10993.38775
8/16/2023,16848.09912,10912.80091
8/17/2023,16850.10484,10829.63116
8/18/2023,16852.11081,10834.79698
8/21/2023,16854.11701,10905.31047
8/22/2023,16856.12345,10875.86528
8/23/2023,16858.13013,10997.00382
8/24/2023,16860.13706,10844.61205
8/25/2023,16862.14421,10921.06623
8/28/2023,16864.15161,10990.28825
8/29/2023,16866.15925,11149.13731
8/30/2023,16868.16713,11195.11313
8/31/2023,16870.17524,11178.5825
9/1/2023,16872.1836,11199.50408
9/5/2023,16874.19219,11151.20364
9/6/2023,16876.20102,11076.04091
9/7/2023,16878.21009,11042.20477
9/8/2023,16880.2194,11058.73541
9/11/2023,16882.22895,11131.57351
9/12/2023,16884.23874,11070.35851
9/13/2023,16886.24877,11083.27307
9/14/2023,16888.25904,11178.84079
9/15/2023,16890.26955,11044.2711
9/18/2023,16741.36546,11050.72838
9/19/2023,16709.87574,11027.74047
9/20/2023,16711.86501,10926.49034
9/21/2023,16661.00888,10745.68654
9/22/2023,16661.00888,10721.66546
9/25/2023,16629.67032,10766.60812
9/26/2023,16631.65004,10608.53394
9/27/2023,16633.63,10612.6666
9/28/2023,16635.61019,10674.39818
9/29/2023,16637.59062,10648.31078
10/2/2023,16639.57129,10644.17812
10/3/2023,16641.55219,10501.60141
10/4/2023,16643.53333,10578.05558
10/5/2023,16645.5147,10574.18122
10/6/2023,16647.49631,10699.71071
10/9/2023,16649.47815,10768.15787
10/10/2023,16651.46023,10824.20705
10/11/2023,16653.44255,10868.63312
10/12/2023,16655.4251,10802.2523
10/13/2023,16657.40789,10748.52774
10/16/2023,16659.39092,10861.65926
10/17/2023,16661.37418,10861.14268
10/18/2023,16663.35767,10716.49964
10/19/2023,16665.34141,10622.22337
10/20/2023,16667.32538,10491.78634
10/23/2023,16669.30958,10473.44767
10/24/2023,16671.29402,10552.48476
10/25/2023,16673.2787,10401.12615
10/26/2023,16675.26361,10276.62982
10/27/2023,16677.24876,10229.87912
10/30/2023,16679.23415,10352.30912
10/31/2023,16681.21977,10417.1402
11/1/2023,16683.20563,10528.46368
11/2/2023,16685.19173,10730.18907
11/3/2023,16687.17806,10828.08141
11/6/2023,16689.16463,10852.87736
11/7/2023,16691.15144,10883.8723
11/8/2023,16693.13848,10891.87933
11/9/2023,16695.12576,10806.90154
11/10/2023,16697.11327,10975.56566
11/13/2023,16740.08611,10964.97572
11/14/2023,16708.59881,11177.80762
11/15/2023,16710.58792,11201.31212
11/16/2023,16712.57728,11215.00155
11/17/2023,16714.56687,11228.94927
11/20/2023,16326.66895,11315.47681
11/21/2023,16295.95926,11290.93915
11/22/2023,16297.89926,11334.33206
11/24/2023,16359.02341,11341.30592
11/27/2023,16162.60289,11320.90092
11/28/2023,16405.7902,11332.26573
11/29/2023,16374.93169,11324.2587
11/30/2023,16376.88108,11368.68478
12/1/2023,16378.83071,11436.09877
12/4/2023,16380.78057,11375.91693
12/5/2023,16453.45411,11373.8506
12/6/2023,16422.50595,11327.87478
12/7/2023,16673.95129,11414.40231
12/8/2023,16642.58838,11463.47763
12/11/2023,16644.56964,11508.162
12/12/2023,16646.55114,11560.5951
12/13/2023,16719.23077,11719.96074
12/14/2023,16234.48766,11757.67125
12/15/2023,16203.95136,11738.29941
12/18/2023,16422.53403,11804.42194
12/19/2023,17434.53887,11875.96859
12/20/2023,17682.81819,11711.43713
12/21/2023,17649.55765,11822.50232
12/22/2023,17651.65879,11846.26511
12/26/2023,16894.09293,11896.37359
12/27/2023,16872.25183,11917.81176
12/28/2023,16840.51593,11922.461
12/29/2023,16806.8349,11887.84998
1/2/2024,17391.98582,11821.21087
1/3/2024,17359.27232,11724.86827
1/4/2024,17361.3389,11686.89947
1/5/2024,17363.40573,11702.91352
1/8/2024,16949.7157,11870.0279
1/9/2024,16777.81189,11852.20581
1/10/2024,16746.25362,11919.10321
1/11/2024,16748.24722,11913.93739
1/12/2024,16750.24106,11922.20271
1/16/2024,16752.23514,11878.29321
1/17/2024,16754.22945,11812.42897
1/18/2024,16756.224,11917.29518
1/19/2024,16758.21879,12065.81258
1/22/2024,16294.70645,12091.38341
1/23/2024,16723.81972,12126.76929
1/24/2024,16692.36301,12139.94214
1/25/2024,16694.35019,12206.06468
1/26/2024,16869.20703,12190.56721
1/29/2024,16557.45577,12286.9098
1/30/2024,15495.63042,12277.61132
1/31/2024,15466.48388,12077.17739
2/1/2024,15468.32513,12235.25158
2/2/2024,15470.1666,12364.13886
2/5/2024,15472.00828,12318.93791
2/6/2024,15473.85019,12354.84038
2/7/2024,15475.69231,12457.89854
2/8/2024,15477.53466,12463.32266
2/9/2024,15479.37722,12535.38589
2/12/2024,15481.22001,12529.96177
2/13/2024,15483.06301,12357.165
2/14/2024,15484.90623,12469.52164
2/15/2024,15486.74967,12555.5326
2/16/2024,15488.59333,12493.02614
2/20/2024,15490.43721,12424.32069
2/21/2024,15792.23492,12435.6855
2/22/2024,15762.53048,12692.94349
2/23/2024,15764.40697,12701.72538
2/26/2024,15766.28369,12655.23298
2/27/2024,15980.55064,12678.73747
2/28/2024,15950.49199,12661.94855
2/29/2024,15952.39085,12707.40779
3/1/2024,15908.68697,12826.7383
3/4/2024,16544.56343,12813.04887
3/5/2024,16513.44389,12684.93646
3/6/2024,16515.40978,12749.25096
3/7/2024,16131.25407,12875.81362
3/8/2024,16100.91195,12798.58456
3/11/2024,16850.3881,12787.47805
3/12/2024,16818.69332,12925.14723
3/13/2024,16820.69555,12904.74223
3/14/2024,16575.20661,12879.1714
3/15/2024,16544.02943,12790.83583
3/18/2024,16545.99896,12866.77343
3/19/2024,16880.95534,12938.32007
3/20/2024,16849.20307,13057.90887
3/21/2024,16906.23114,13101.0435
3/22/2024,16789.81486,13076.24755
3/25/2024,16725.13914,13040.08679
3/26/2024,16401.76058,13016.06571
3/27/2024,16763.94457,13125.58116
3/28/2024,16732.41239,13122.99824
4/1/2024,17148.3984,13100.26862
4/2/2024,17116.14308,13016.84058
4/3/2024,17852.90823,13031.30489
4/4/2024,17795.40073,12872.19754
4/5/2024,18510.90971,13006.50894
4/8/2024,18355.32021,13013.74109
4/9/2024,17913.61036,13028.98027
4/10/2024,18330.20595,12898.54324
4/11/2024,18295.72771,12995.919
4/12/2024,17367.62813,12816.40665
4/15/2024,17802.5602,12655.74956
4/16/2024,17769.07443,12632.76165
4/17/2024,17771.1898,12558.11551
4/18/2024,17773.30542,12532.28639
4/19/2024,17775.42129,12422.77095
4/22/2024,17777.53741,12537.19392
4/23/2024,17779.65378,12685.96962
4/24/2024,17781.77041,12680.02893
4/25/2024,17783.88728,12631.72848
4/26/2024,17786.00441,12751.31728
4/29/2024,17788.12179,12796.51824
4/30/2024,17790.23943,12593.75969
5/1/2024,17792.35731,12552.94968
5/2/2024,17794.47545,12670.47216
5/3/2024,17796.59384,12827.51317
5/6/2024,17798.71248,12960.01653
5/7/2024,17800.83138,12974.22254
5/8/2024,17802.95052,12975.514
5/9/2024,17805.06992,13050.16014
5/10/2024,18007.05871,13066.94906
5/13/2024,17973.18829,13068.7571
5/14/2024,18680.37194,13128.68065
5/15/2024,18605.65045,13291.40407
5/16/2024,18442.87135,13264.02521
5/17/2024,18491.70508,13283.13875
5/20/2024,18068.47944,13298.37793
5/21/2024,18524.2609,13330.92262
5/22/2024,18273.58945,13292.69553
5/23/2024,18239.21769,13195.57806
5/24/2024,18661.17561,13282.88046
5/28/2024,19347.48855,13292.17894
5/29/2024,19311.09684,13198.93584
5/30/2024,19313.39578,13111.37514
5/31/2024,19315.695,13230.96394
6/3/2024,19317.99449,13241.55388
6/4/2024,19320.29425,13256.53477
6/5/2024,19143.77466,13414.09236
6/6/2024,19107.76613,13413.83407
6/7/2024,19121.56811,13397.56173
6/10/2024,19104.26353,13438.88831
6/11/2024,19339.70322,13471.17471
6/12/2024,19303.32616,13581.98161
6/13/2024,19908.16372,13609.10218
6/14/2024,19870.71741,13617.3675
6/17/2024,19873.08297,13725.84978
6/18/2024,20537.92793,13760.71908
6/20/2024,20499.29706,13723.26687
6/21/2024,20348.38267,13704.9282
6/24/2024,19891.32106,13660.50212
6/25/2024,19690.21396,13712.93522
6/26/2024,19525.67178,13730.24073
6/27/2024,19488.94492,13751.67889
6/28/2024,19491.26503,13697.69604
7/1/2024,19209.10933,13725.84978
7/2/2024,19302.44805,13818.31801
7/3/2024,19266.14107,13879.7913
7/5/2024,18911.77041,13959.86156
7/8/2024,18911.77041,13976.1339
7/9/2024,18874.6885,13989.56504
7/10/2024,18839.18611,14128.00909
7/11/2024,18841.42887,14006.35396
7/12/2024,19179.07328,14094.68953
7/15/2024,19142.99836,14133.43321
7/16/2024,19756.46815,14217.11954
7/17/2024,19719.30717,14017.71877
7/18/2024,18869.65949,13910.01136
7/19/2024,18834.16656,13817.80143
7/22/2024,18836.40872,13960.11985
7/23/2024,18838.65115,13938.1651
7/24/2024,18481.90644,13622.53332
7/25/2024,19573.62624,13551.50325
7/26/2024,19846.55619,13703.12016
7/29/2024,19809.22576,13711.38547
7/30/2024,20292.7465,13641.90516
7/31/2024,20254.57681,13863.51896
8/1/2024,20256.98807,13667.21769
8/2/2024,20259.39961,13412.80091
8/5/2024,20261.81145,13022.00641
8/6/2024,20264.22357,13142.11179
8/7/2024,20266.63598,13054.2928
8/8/2024,20269.04867,13356.23515
8/9/2024,20271.46165,13415.12553
8/12/2024,20273.87492,13422.09939
8/13/2024,20276.28848,13642.68003
8/14/2024,20278.70232,13685.81465
8/15/2024,20281.11645,13920.34301
8/16/2024,20283.53087,13951.59624
8/19/2024,20285.94558,14085.13276
8/20/2024,20288.36057,14062.14485
8/21/2024,20290.77585,14110.44529
8/22/2024,21394.97794,13999.63839
8/23/2024,21354.735,14148.41409
8/26/2024,21357.27723,14114.83624
8/27/2024,22544.86488,14134.20808
8/28/2024,23179.28843,14052.07149
8/29/2024,23135.68929,14053.36295
8/30/2024,23138.44354,14187.41606
9/3/2024,22389.11395,13895.54706
9/4/2024,23312.74261,13867.13503
9/5/2024,21634.22514,13833.29889
9/6/2024,22913.09559,13600.57857
9/9/2024,22869.99715,13752.71206
9/10/2024,23781.1608,13812.6356
9/11/2024,23954.80929,13954.43744
9/12/2024,23909.75144,14071.95991
9/13/2024,23912.59784,14145.3146
9/16/2024,23915.44457,14166.23618
9/17/2024,24036.345,14172.17688
9/18/2024,25011.2705,14130.07542
9/19/2024,25091.03713,14371.31935
9/20/2024,25043.84209,14346.26511
9/23/2024,25014.978,14382.16758
9/24/2024,25290.33339,14423.23587
9/25/2024,25311.51457,14391.46606
9/26/2024,25263.90482,14448.5484
9/27/2024,25266.91243,14427.62682
9/30/2024,25269.92039,14485.48404
10/1/2024,25592.47993,14355.56359
10/2/2024,24465.32392,14361.76258
10/3/2024,25350.9465,14335.41688
10/4/2024,25303.26258,14465.85391
10/7/2024,25306.27487,14334.9003
10/8/2024,25309.28752,14470.50315
10/9/2024,24948.50611,14570.72012
10/10/2024,24901.57916,14545.40758
10/11/2024,24904.54363,14632.4517
10/14/2024,25627.56755,14752.0405
10/15/2024,25579.36332,14637.35923
10/16/2024,25582.40848,14701.15714
10/17/2024,25585.45401,14702.4486
10/18/2024,25554.50875,14758.75607
10/21/2024,25493.95304,14734.73499
10/22/2024,26745.43768,14726.72797
10/23/2024,26695.13078,14592.15828
10/24/2024,26698.30877,14623.92809
10/25/2024,27839.51778,14618.76227
10/28/2024,27787.15297,14663.96322
10/29/2024,27790.46097,14687.726
10/30/2024,27793.76936,14643.29993
10/31/2024,28133.82266,14356.08017
11/1/2024,29404.78044,14416.77859
11/4/2024,30934.86553,14385.78366
11/5/2024,30876.67852,14559.6136
11/6/2024,31771.03361,14921.73778
11/7/2024,31711.27381,15037.19392
11/8/2024,31576.05757,15102.28329
11/11/2024,31511.57277,15116.48931
11/12/2024,31452.301,15069.73861
11/13/2024,31360.08391,15076.97076
11/14/2024,31301.09708,14980.11158
11/15/2024,31304.82341,14788.20126
11/18/2024,31308.55017,14848.64139
11/19/2024,31312.27738,14903.14082
11/20/2024,31511.48106,14908.04835
11/21/2024,31452.20947,14988.11861
11/22/2024,31455.95378,15034.61101
11/25/2024,31067.33595,15085.49437
11/26/2024,30930.0936,15164.27317
11/27/2024,30871.91556,15118.29734
11/29/2024,30780.76291,15212.31532
12/2/2024,30421.22598,15239.69418
12/3/2024,30604.66319,15246.66804
12/4/2024,30663.36309,15341.2026
12/5/2024,30605.68677,15316.14836
12/6/2024,31207.38757,15345.07697
12/9/2024,31162.78435,15266.03988
12/10/2024,31104.16863,15218.51431
12/11/2024,31402.24024,15336.29507
12/12/2024,31282.38436,15257.25798
12/13/2024,31919.11872,15254.15849
12/16/2024,32645.74498,15319.24786
12/17/2024,32584.33989,15256.22482
12/18/2024,32588.21898,14801.6324
12/19/2024,37362.72683,14796.98316
12/20/2024,39619.33255,14974.68747
12/23/2024,39544.81047,15064.3145
12/24/2024,39703.59868,15231.94545
12/26/2024,41602.83803,15232.72032
12/27/2024,41524.58507,15072.57981
12/30/2024,41529.52848,14900.55791
12/31/2024,41534.47247,14846.31677
1/2/2025,41539.41705,14809.89772
1/3/2025,41544.36222,14995.09247
1/6/2025,41549.30798,15081.36171
1/7/2025,41554.25432,14910.88955
1/8/2025,41559.20126,14932.58601
1/10/2025,41564.14878,14704.77322
1/13/2025,41569.09689,14727.50284
1/14/2025,41574.0456,14747.64955
1/15/2025,41578.99489,15016.01405
1/16/2025,41583.94477,14987.08544
1/17/2025,41588.89524,15137.66918
1/21/2025,41593.8463,15276.11323
1/22/2025,41598.79794,15362.12419
1/23/2025,41603.75018,15445.81052
1/24/2025,44185.3713,15400.86786
1/27/2025,44925.19524,15182.87013
1/28/2025,44840.69309,15313.30716
1/29/2025,44682.86476,15244.86001
1/30/2025,43152.62966,15326.48001
1/31/2025,42387.51211,15245.1183
2/3/2025,43662.70803,15142.31842
2/4/2025,44359.81512,15244.08513
2/5/2025,44276.37642,15305.81672
2/6/2025,42775.28451,15359.02469
2/7/2025,43849.28145,15218.51431
2/10/2025,43766.80304,15321.83077
2/11/2025,43772.01337,15333.45387
2/12/2025,43777.22433,15284.12026
2/13/2025,43782.4359,15445.29394
2/14/2025,43787.6481,15444.51906
2/18/2025,43166.07709,15489.9783
2/19/2025,43411.21778,15526.39736
2/20/2025,43329.56334,15461.82457
2/21/2025,42931.80245,15197.33444
2/24/2025,42586.83015,15128.11241
2/25/2025,43518.25535,15052.94968
2/26/2025,43436.39959,15060.69842
2/27/2025,43441.57059,14820.22936
2/28/2025,43446.7422,15051.39994
3/3/2025,43451.91443,14787.68468
3/4/2025,43457.08728,14612.82157
3/5/2025,43462.26074,14769.86259
3/6/2025,43467.43482,14507.69708
3/7/2025,43472.60952,14588.8005
3/10/2025,43477.78483,14200.33061
3/11/2025,43482.96075,14082.29156
3/12/2025,43488.1373,14156.9377
3/13/2025,43493.31445,13968.38516
3/14/2025,43498.49223,14256.89637
3/17/2025,43503.67062,14366.67011
3/18/2025,43508.84963,14211.43713
3/19/2025,43514.02926,14366.15353
3/20/2025,43519.2095,14324.82694
3/21/2025,43524.39036,14329.47619
3/24/2025,43529.57183,14585.95929
3/25/2025,43534.75392,14621.08689
3/26/2025,43539.93663,14446.48207
3/27/2025,43545.11996,14408.25499
3/28/2025,43550.3039,14117.93574
3/31/2025,43555.48846,14212.72859
4/1/2025,43560.67364,14253.02201
4/2/2025,43565.85943,14343.16562
4/3/2025,43571.04584,13636.22275
4/4/2025,43576.23287,12838.10311
4/7/2025,43581.42052,12815.1152
4/8/2025,43586.60878,12614.42298
4/9/2025,43591.79767,13939.19826
4/10/2025,43596.98717,13328.3397
4/11/2025,43602.17728,13566.22585
4/14/2025,43607.36802,13697.69604
4/15/2025,43612.55937,13659.46895
4/16/2025,43617.75134,13355.71857
4/17/2025,43622.94393,13374.83211
4/21/2025,43628.13714,13056.61742
4/22/2025,43633.33097,13396.27028
4/23/2025,43638.52541,13603.67807
4/24/2025,43643.72047,13890.12295
4/25/2025,43648.91615,13990.5982
4/28/2025,43654.11245,13995.76403
4/29/2025,43659.30937,14084.0996
4/30/2025,43664.50691,14089.52371
5/1/2025,43669.70506,14189.48238
5/2/2025,43674.90384,14399.98967
5/5/2025,42119.20308,14317.59479
5/6/2025,43277.82194,14197.7477
5/7/2025,44879.44212,14257.41296
5/8/2025,45083.90427,14356.85505
5/9/2025,51047.38367,14338.51638
5/12/2025,51354.0769,14812.48063
5/13/2025,50263.61209,14910.11468
5/14/2025,51183.69177,14929.22823
5/15/2025,51422.23095,15002.32462
5/16/2025,51325.50818,15097.11747
5/19/2025,51331.61836,15113.6481
5/20/2025,51337.72926,15063.02304
5/21/2025,51675.40602,14809.12284
5/22/2025,48269.44375,14815.06354
5/23/2025,53030.46628,14713.81341
5/27/2025,52930.7185,15019.63013
5/28/2025,52714.04607,14932.8443
5/29/2025,52419.14231,14991.73468
5/30/2025,52972.08685,14974.94576
6/2/2025,52872.44888,15059.40696
6/3/2025,52878.74322,15145.15962
6/4/2025,52885.03831,15141.28526
6/5/2025,54793.58756,15067.93057
6/6/2025,55414.99582,15222.64697
6/9/2025,55310.76285,15236.59469
6/10/2025,54873.50296,15322.86393
6/11/2025,54770.28852,15279.21273
6/12/2025,54776.80879,15339.91115
6/13/2025,58411.99701,15168.40583
6/16/2025,58302.12682,15312.79058
6/17/2025,59486.72194,15181.83697
6/18/2025,58816.44902,15179.51235
6/20/2025,59654.29018,15143.86817
6/23/2025,59542.0833,15293.41874
6/24/2025,59549.17164,15462.34115
6/25/2025,59556.26083,15471.12305
6/26/2025,59563.35086,15592.2616
6/27/2025,59570.44173,15669.49065
6/30/2025,59577.53345,15744.65337
7/1/2025,59280.19307,15739.48755
7/2/2025,59309.24379,15810.77591
7/3/2025,58741.14758,15935.53053
7/7/2025,58630.65828,15816.7166
7/8/2025,58637.63812,15807.9347
7/9/2025,58069.30409,15902.72755
7/10/2025,58347.33769,15947.67021
7/11/2025,58237.58913,15891.62104
7/14/2025,58244.52217,15921.8411
7/15/2025,58251.45605,15853.91053
7/16/2025,58258.39074,15906.86021
7/17/2025,58265.32627,16004.23597
7/18/2025,58272.26261,15992.61287
7/21/2025,57955.69888,16022.83294
7/22/2025,55586.90109,16025.15756
7/23/2025,55482.34477,16161.53528
7/24/2025,55488.94981,16166.70111
7/25/2025,53857.17363,16235.14826
7/28/2025,55119.66099,16231.0156
7/29/2025,55015.98353,16188.13927
7/30/2025,55022.53305,16167.73427
7/31/2025,50485.38763,16107.03585
8/1/2025,53577.61762,15843.0623
8/4/2025,53476.84067,16084.04794
8/5/2025,53483.20696,16002.42794
8/6/2025,53489.57401,16125.11623
8/7/2025,53495.94182,16111.4268
8/8/2025,53502.31038,16237.21459
8/11/2025,55477.45997,16204.9282
8/12/2025,54936.46409,16377.46668
8/13/2025,54833.13121,16433.51586
8/14/2025,54839.65897,16435.06561
8/15/2025,54846.1875,16396.58023
8/18/2025,55830.16742,16392.96415
8/19/2025,55725.15353,16304.112
8/20/2025,55731.78748,16260.71908
8/21/2025,60146.45716,16195.62971
8/22/2025,59803.31982,16444.36409
8/25/2025,59479.8746,16372.04257
8/26/2025,59735.22609,16440.48972
8/27/2025,60305.54314,16477.94194
8/28/2025,60192.11129,16536.31574
8/29/2025,60199.27702,16437.64852
9/2/2025,60206.4436,16315.7351
9/3/2025,60213.61103,16404.32896
9/4/2025,60220.77932,16541.48156
9/5/2025,60227.94846,16493.4394
9/8/2025,59805.28621,16533.99111
9/9/2025,59574.65176,16572.2182
9/10/2025,59462.59468,16620.00207
9/11/2025,59469.67356,16758.18783
9/12/2025,59476.75328,16752.76372
9/15/2025,60256.78335,16841.87416
9/16/2025,62089.5476,16818.62796
9/17/2025,62322.31066,16797.70637
9/18/2025,62205.92913,16876.22688
9/19/2025,62088.92274,16959.91321
9/22/2025,62663.43411,17039.98347
9/23/2025,61871.89599,16947.25695
9/24/2025,62701.1264,16893.2741
9/25/2025,62583.18857,16815.52846
9/26/2025,62590.63895,16911.87106
9/29/2025,62598.09021,16959.39663
9/30/2025,62605.54237,17023.19454
10/1/2025,62612.99541,17081.31005
10/2/2025,62620.44933,17100.94018
10/3/2025,62627.90415,17100.68189
10/6/2025,63729.50094,17161.89689
10/7/2025,63609.62879,17098.35727
10/8/2025,63617.20136,17200.38227
10/9/2025,63624.77484,17150.53208
10/10/2025,68402.2923,16686.89947
10/13/2025,65321.10796,16942.866
10/14/2025,64773.34185,16922.20271
10/15/2025,58747.9147,16997.36543
10/16/2025,63301.22045,16881.651
10/17/2025,67922.99695,16977.47701
10/20/2025,67795.23703,17154.14816
10/21/2025,67803.30789,17153.88986
10/22/2025,67811.37972,17064.52113
10/23/2025,67819.4525,17165.77126
10/24/2025,69713.73832,17306.02335
10/27/2025,71403.69241,17510.33165
10/28/2025,71269.38547,17556.82405
10/29/2025,70346.00682,17565.08937
10/30/2025,69991.79732,17371.88759
10/31/2025,69860.14608,17428.96993
11/3/2025,69868.46276,17461.77291
11/4/2025,72235.70656,17254.62341
11/5/2025,72099.83464,17314.54696
11/6/2025,72332.52903,17128.83562
11/7/2025,76169.19984,17145.62455
11/10/2025,76025.9292,17413.21418
11/11/2025,76034.97991,17452.99101
11/12/2025,76044.03169,17462.80608
11/13/2025,77060.61184,17173.00341
11/14/2025,73239.75687,17170.16221
11/17/2025,70504.8291,17010.27999
11/18/2025,72153.82967,16867.18669
11/19/2025,67005.73034,16932.53435
11/20/2025,66879.69575,16674.5015
11/21/2025,66887.65762,16840.5827
11/24/2025,66895.62043,17088.28391
11/25/2025,66903.5842,17249.1993
11/26/2025,66911.54891,17368.27152
11/28/2025,66919.51457,17463.06437
12/1/2025,66927.48118,17383.2524
12/2/2025,66935.44874,17415.5388
12/3/2025,66943.41724,17475.72063
12/4/2025,66951.3867,17488.63519
12/5/2025,66959.3571,17521.69646
12/8/2025,67225.85979,17469.00506
12/9/2025,67099.41115,17454.02418
12/10/2025,67107.39917,17569.73861
12/11/2025,67115.38815,17610.54861
12/12/2025,67123.37808,17421.2212
12/15/2025,67131.36896,17394.8755
12/16/2025,67139.36079,17347.34993
12/17/2025,69371.77567,17156.47278
12/18/2025,71827.1387,17286.13493
12/19/2025,71692.03527,17442.91766
12/22/2025,71823.12301,17551.39994
12/23/2025,71740.94552,17631.72848
12/24/2025,71603.98304,17693.71836
12/26/2025,70836.99317,17691.91032
12/29/2025,69768.68585,17628.88728
12/30/2025,69637.45427,17607.44912
12/31/2025,69645.74445,17477.01209
1/2/2026,69654.03561,17509.04019
1/5/2026,68670.2711,17625.5295
1/6/2026,69812.05708,17730.3957
1/7/2026,68887.75414,17673.31336
1/8/2026,68758.17956,17671.50532
1/9/2026,68758.28966,17788.25292
1/12/2026,70406.51075,17816.14836
1/13/2026,70274.07945,17780.50418
1/14/2026,70282.44541,17693.20178
1/15/2026,70290.81237,17741.50222
1/16/2026,70299.18033,17726.52133
1/20/2026,75786.42009,17365.6886
1/21/2026,75643.86945,17566.12253
1/22/2026,75652.87467,17657.81589
1/23/2026,75661.88096,17664.27317
1/26/2026,76868.51527,17753.9002
1/27/2026,76723.92925,17824.67197
1/28/2026,75742.64444,17822.86393
1/29/2026,75600.17613,17787.47805
1/30/2026,79145.72448,17734.52836
2/2/2026,82241.67479,17822.60564
2/3/2026,80580.42177,17672.0219
2/4/2026,75595.69608,17586.26924
2/5/2026,80042.50173,17366.72177
2/6/2026,82767.96326,17699.91735
2/9/2026,82612.28066,17785.15342
2/10/2026,82622.11546,17738.40273
2/11/2026,82631.95142,17734.27007
2/12/2026,82641.78856,17460.22316
2/13/2026,82651.62687,17472.62114
2/17/2026,82661.46635,17500.77487
2/18/2026,82671.307,17588.85215
2/19/2026,82681.14882,17542.61804
2/20/2026,82690.99182,17669.43899
2/23/2026,82700.83598,17488.89348
2/24/2026,82710.68132,17615.97272
2/25/2026,82720.52783,17764.74842
2/26/2026,82730.37551,17666.08121
2/27/2026,82740.22436,17581.10342
3/2/2026,82750.07439,17591.17677
3/3/2026,82759.92559,17436.20209
3/4/2026,82769.77796,17559.14867
3/5/2026,82779.63151,17461.25633
3/6/2026,82789.48623,17232.41037
3/9/2026,82799.34212,17383.2524
3/10/2026,82809.19918,17355.35696
3/11/2026,82819.05742,17333.6605
3/12/2026,82828.91683,17070.46182
3/13/2026,82838.77742,16973.86094
3/16/2026,82848.63918,17146.65771
3/17/2026,82858.50211,17191.60037
3/18/2026,82868.36622,16951.6479
3/19/2026,82878.2315,16910.06302
3/20/2026,82888.09795,16667.52764
3/23/2026,82897.96558,16842.64903
3/24/2026,82907.83439,16786.08327
3/25/2026,82917.70437,16879.58467
3/26/2026,82927.57553,16578.1589
3/27/2026,82937.44786,16295.3301
3/30/2026,82947.32136,16241.08896
3/31/2026,82957.19604,16712.98688
4/1/2026,82967.0719,16839.03296
4/2/2026,82976.94893,16854.01384
4/6/2026,82986.82714,16933.82581
4/7/2026,82996.70652,16941.31625
4/8/2026,83006.58708,17372.66247
4/9/2026,83016.46882,17472.87943
4/10/2026,83026.35173,17461.51462
4/13/2026,83036.23582,17631.98678
4/14/2026,83046.12109,17846.88501
4/15/2026,83056.00753,17987.65368
4/16/2026,83065.89515,18031.82147
4/17/2026,81805.06258,18249.8192
4/20/2026,81651.19116,18213.40014
4/21/2026,82332.403,18094.06964
4/22/2026,82177.53967,18277.45635
4/23/2026,81393.64471,18206.42628
4/24/2026,83910.97393,18347.45325
4/27/2026,83753.14138,18379.22306
4/28/2026,83763.11199,18289.59603
4/29/2026,86129.82005,18286.75483
4/30/2026,85967.81396,18468.85009
5/1/2026,85978.04822,18519.99173
5/4/2026,85988.28371,18452.06116
5/5/2026,85998.52041,18600.06199
5/6/2026,86008.75833,18858.61143
5/7/2026,86018.99746,18800.75421
5/8/2026,86029.23782,18955.98719
5/11/2026,86039.4794,18999.12181
5/12/2026,86049.72219,18970.45149
5/13/2026,86059.96621,19076.60915
5/14/2026,86070.21144,19227.19289
5/15/2026,87659.09836,18995.76403
5/18/2026,87494.21577,18982.59118
5/19/2026,87504.63175,18856.02852
5/20/2026,89668.85522,19049.23029
5/21/2026,89500.19237,19087.19909
5/22/2026,91798.85637,19162.10352
5/26/2026,91626.18709,19289.44106
5/27/2026,91637.09497,19286.08327
5/28/2026,91648.00415,19392.49923
5/29/2026,91658.91462,19440.79967
6/1/2026,89976.77178,19493.74935
6/2/2026,90206.8914,19520.09505
6/3/2026,90037.21653,19383.20074
6/4/2026,90047.93525,19456.29714
6/5/2026,91086.97575,18954.17915
6/8/2026,89702.42016,18997.05548
6/9/2026,84457.89138,18941.52288
6/10/2026,88527.64571,18642.68003
6/11/2026,92555.44381,18959.60326
6/12/2026,98723.00965,19062.14485
6/15/2026,98537.31637,19398.43992
6/16/2026,93868.87072,19282.72549
6/17/2026,96746.23726,19041.99814
6/18/2026,97330.05076,19239.84916
6/22/2026,97146.97757,19179.40903
6/23/2026,97158.54269,18900.71288
6/24/2026,97170.10918,18891.93098
6/25/2026,97181.67705,18919.30985
6/26/2026,97193.2463,18782.41554
6/29/2026,97204.81692,19091.84833
6/30/2026,97216.38892,19240.62403
7/1/2026,97227.9623,19214.53663
7/2/2026,97239.53706,19189.48238
7/6/2026,97251.1132,19356.85505
7/7/2026,97262.69071,19264.9034
7/8/2026,97274.2696,19205.23814
7/9/2026,97285.84987,19367.96157
7/10/2026,97297.43152,19451.38961
7/13/2026,98518.21908,19302.35562
7/14/2026,98332.911,19371.06106
7/15/2026,100587.215,19447.77353
7/16/2026,100398.0153,19342.39074
7/17/2026,101751.1008,19150.997
7/20/2026,101559.7119,19120.00207
7/21/2026,101571.8023,19279.62599
7/22/2026,101583.8942,19257.15466
7/23/2026,102614.7173,19019.26852
7/24/2026,102658.7013,19038.64036
7/27/2026,102465.6052,19042.77301
7/28/2026,96207.66967,19088.23226
7/29/2026,102117.4452,18794.55522
7/30/2026,105202.6957,19109.67042
7/31/2026,105004.8144,19247.3396
8/3/2026,105310.799,19521.38651
8/4/2026,105112.7144,19873.43734
8/5/2026,105125.2278,19833.6605
8/6/2026,105137.7427,19802.14898
8/7/2026,105150.2591,19923.02924
8/10/2026,103595.3261,19917.34683
8/11/2026,103400.4682,19853.54892
8/12/2026,103689.4607,19903.39911
8/13/2026,102424.9551,20042.10146
8/14/2026,103469.5467,20002.58291
8/17/2026,103689.4607,19908.04835
8/18/2026,103494.4258,19773.47867
8/19/2026,103506.7465,19815.06354
8/20/2026,103519.0688,19648.46575
8/21/2026,103531.3925,19728.7943
8/24/2026,102018.8352,19670.93708
8/25/2026,100999.2133,19733.70183
8/26/2026,100809.2385,19738.09278
8/27/2026,100821.2396,19867.49664
8/28/2026,100833.2422,19822.29569
8/31/2026,103665.9094,19763.14702
9/1/2026,103470.9187,19627.28588
9/2/2026,103483.2367,19714.32999
9/3/2026,103495.5561,19920.96291
9/4/2026,103507.877,19843.99215
9/8/2026,103520.1994,19734.99328
9/9/2026,103532.5232,19643.29993
9/10/2026,103544.8485,19525.51917
9/11/2026,103557.1753,19692.11695
9/14/2026,103569.5035,19604.29796
9/15/2026,103581.8332,19514.15435
9/16/2026,103594.1644,19428.1434
9/17/2026,103606.497,19648.46575
9/18/2026,103618.8311,19673.77828
9/21/2026,103631.1667,19978.82013
9/22/2026,103643.5038,19975.72063
9/23/2026,103655.8423,19831.85246
9/24/2026,103668.1823,19815.58012
9/25/2026,103680.5237,19923.28753
9/28/2026,103692.8666,19775.02841
9/29/2026,103705.211,19738.60936
9/30/2026,103717.5569,19740.93398
